device,sm_count,threads_per_block,blocks,total_threads,warmup_runs,target_launches_per_run,launches_per_run_used,stride_bytes,stride_elements,run_idx,kernel_ms,read_bytes,achieved_bandwidth_gbps
"NVIDIA A100-SXM4-40GB",108,256,432,110592,5,64,9,8,1,0,0.05632,7962624,141.382
"NVIDIA A100-SXM4-40GB",108,256,432,110592,5,64,9,8,1,1,0.047104,7962624,169.043
"NVIDIA A100-SXM4-40GB",108,256,432,110592,5,64,9,8,1,2,0.045056,7962624,176.727
"NVIDIA A100-SXM4-40GB",108,256,432,110592,5,64,9,8,1,3,0.04608,7962624,172.8
"NVIDIA A100-SXM4-40GB",108,256,432,110592,5,64,9,8,1,4,0.045056,7962624,176.727
"NVIDIA A100-SXM4-40GB",108,256,432,110592,5,64,9,8,1,5,0.047104,7962624,169.043
"NVIDIA A100-SXM4-40GB",108,256,432,110592,5,64,9,8,1,6,0.047104,7962624,169.043
"NVIDIA A100-SXM4-40GB",108,256,432,110592,5,64,9,8,1,7,0.04608,7962624,172.8
"NVIDIA A100-SXM4-40GB",108,256,432,110592,5,64,9,8,1,8,0.04608,7962624,172.8
"NVIDIA A100-SXM4-40GB",108,256,432,110592,5,64,9,8,1,9,0.04608,7962624,172.8
"NVIDIA A100-SXM4-40GB",108,256,432,110592,5,64,9,8,1,10,0.04608,7962624,172.8
"NVIDIA A100-SXM4-40GB",108,256,432,110592,5,64,9,8,1,11,0.04608,7962624,172.8
"NVIDIA A100-SXM4-40GB",108,256,432,110592,5,64,9,8,1,12,0.04608,7962624,172.8
"NVIDIA A100-SXM4-40GB",108,256,432,110592,5,64,9,8,1,13,0.047104,7962624,169.043
"NVIDIA A100-SXM4-40GB",108,256,432,110592,5,64,9,8,1,14,0.04608,7962624,172.8
"NVIDIA A100-SXM4-40GB",108,256,432,110592,5,64,9,8,1,15,0.04608,7962624,172.8
"NVIDIA A100-SXM4-40GB",108,256,432,110592,5,64,9,8,1,16,0.04608,7962624,172.8
"NVIDIA A100-SXM4-40GB",108,256,432,110592,5,64,9,8,1,17,0.04608,7962624,172.8
"NVIDIA A100-SXM4-40GB",108,256,432,110592,5,64,9,8,1,18,0.045056,7962624,176.727
"NVIDIA A100-SXM4-40GB",108,256,432,110592,5,64,9,8,1,19,0.045056,7962624,176.727
"NVIDIA A100-SXM4-40GB",108,256,432,110592,5,64,9,16,2,0,0.052224,7962624,152.471
"NVIDIA A100-SXM4-40GB",108,256,432,110592,5,64,9,16,2,1,0.0512,7962624,155.52
"NVIDIA A100-SXM4-40GB",108,256,432,110592,5,64,9,16,2,2,0.050176,7962624,158.694
"NVIDIA A100-SXM4-40GB",108,256,432,110592,5,64,9,16,2,3,0.050176,7962624,158.694
"NVIDIA A100-SXM4-40GB",108,256,432,110592,5,64,9,16,2,4,0.0512,7962624,155.52
"NVIDIA A100-SXM4-40GB",108,256,432,110592,5,64,9,16,2,5,0.050176,7962624,158.694
"NVIDIA A100-SXM4-40GB",108,256,432,110592,5,64,9,16,2,6,0.050176,7962624,158.694
"NVIDIA A100-SXM4-40GB",108,256,432,110592,5,64,9,16,2,7,0.050176,7962624,158.694
"NVIDIA A100-SXM4-40GB",108,256,432,110592,5,64,9,16,2,8,0.050176,7962624,158.694
"NVIDIA A100-SXM4-40GB",108,256,432,110592,5,64,9,16,2,9,0.050176,7962624,158.694
"NVIDIA A100-SXM4-40GB",108,256,432,110592,5,64,9,16,2,10,0.049152,7962624,162
"NVIDIA A100-SXM4-40GB",108,256,432,110592,5,64,9,16,2,11,0.050176,7962624,158.694
"NVIDIA A100-SXM4-40GB",108,256,432,110592,5,64,9,16,2,12,0.0512,7962624,155.52
"NVIDIA A100-SXM4-40GB",108,256,432,110592,5,64,9,16,2,13,0.049152,7962624,162
"NVIDIA A100-SXM4-40GB",108,256,432,110592,5,64,9,16,2,14,0.050176,7962624,158.694
"NVIDIA A100-SXM4-40GB",108,256,432,110592,5,64,9,16,2,15,0.050176,7962624,158.694
"NVIDIA A100-SXM4-40GB",108,256,432,110592,5,64,9,16,2,16,0.0512,7962624,155.52
"NVIDIA A100-SXM4-40GB",108,256,432,110592,5,64,9,16,2,17,0.050176,7962624,158.694
"NVIDIA A100-SXM4-40GB",108,256,432,110592,5,64,9,16,2,18,0.050176,7962624,158.694
"NVIDIA A100-SXM4-40GB",108,256,432,110592,5,64,9,16,2,19,0.049152,7962624,162
"NVIDIA A100-SXM4-40GB",108,256,432,110592,5,64,9,32,4,0,0.060416,7962624,131.797
"NVIDIA A100-SXM4-40GB",108,256,432,110592,5,64,9,32,4,1,0.060416,7962624,131.797
"NVIDIA A100-SXM4-40GB",108,256,432,110592,5,64,9,32,4,2,0.060416,7962624,131.797
"NVIDIA A100-SXM4-40GB",108,256,432,110592,5,64,9,32,4,3,0.060416,7962624,131.797
"NVIDIA A100-SXM4-40GB",108,256,432,110592,5,64,9,32,4,4,0.060416,7962624,131.797
"NVIDIA A100-SXM4-40GB",108,256,432,110592,5,64,9,32,4,5,0.060416,7962624,131.797
"NVIDIA A100-SXM4-40GB",108,256,432,110592,5,64,9,32,4,6,0.060416,7962624,131.797
"NVIDIA A100-SXM4-40GB",108,256,432,110592,5,64,9,32,4,7,0.060416,7962624,131.797
"NVIDIA A100-SXM4-40GB",108,256,432,110592,5,64,9,32,4,8,0.060416,7962624,131.797
"NVIDIA A100-SXM4-40GB",108,256,432,110592,5,64,9,32,4,9,0.060416,7962624,131.797
"NVIDIA A100-SXM4-40GB",108,256,432,110592,5,64,9,32,4,10,0.060416,7962624,131.797
"NVIDIA A100-SXM4-40GB",108,256,432,110592,5,64,9,32,4,11,0.06144,7962624,129.6
"NVIDIA A100-SXM4-40GB",108,256,432,110592,5,64,9,32,4,12,0.06144,7962624,129.6
"NVIDIA A100-SXM4-40GB",108,256,432,110592,5,64,9,32,4,13,0.06144,7962624,129.6
"NVIDIA A100-SXM4-40GB",108,256,432,110592,5,64,9,32,4,14,0.060416,7962624,131.797
"NVIDIA A100-SXM4-40GB",108,256,432,110592,5,64,9,32,4,15,0.06144,7962624,129.6
"NVIDIA A100-SXM4-40GB",108,256,432,110592,5,64,9,32,4,16,0.06144,7962624,129.6
"NVIDIA A100-SXM4-40GB",108,256,432,110592,5,64,9,32,4,17,0.060416,7962624,131.797
"NVIDIA A100-SXM4-40GB",108,256,432,110592,5,64,9,32,4,18,0.060416,7962624,131.797
"NVIDIA A100-SXM4-40GB",108,256,432,110592,5,64,9,32,4,19,0.06144,7962624,129.6
"NVIDIA A100-SXM4-40GB",108,256,432,110592,5,64,9,64,8,0,0.079872,7962624,99.6923
"NVIDIA A100-SXM4-40GB",108,256,432,110592,5,64,9,64,8,1,0.079872,7962624,99.6923
"NVIDIA A100-SXM4-40GB",108,256,432,110592,5,64,9,64,8,2,0.08192,7962624,97.2
"NVIDIA A100-SXM4-40GB",108,256,432,110592,5,64,9,64,8,3,0.080896,7962624,98.4304
"NVIDIA A100-SXM4-40GB",108,256,432,110592,5,64,9,64,8,4,0.080896,7962624,98.4304
"NVIDIA A100-SXM4-40GB",108,256,432,110592,5,64,9,64,8,5,0.080896,7962624,98.4304
"NVIDIA A100-SXM4-40GB",108,256,432,110592,5,64,9,64,8,6,0.084992,7962624,93.6867
"NVIDIA A100-SXM4-40GB",108,256,432,110592,5,64,9,64,8,7,0.080896,7962624,98.4304
"NVIDIA A100-SXM4-40GB",108,256,432,110592,5,64,9,64,8,8,0.082944,7962624,96
"NVIDIA A100-SXM4-40GB",108,256,432,110592,5,64,9,64,8,9,0.080896,7962624,98.4304
"NVIDIA A100-SXM4-40GB",108,256,432,110592,5,64,9,64,8,10,0.080896,7962624,98.4304
"NVIDIA A100-SXM4-40GB",108,256,432,110592,5,64,9,64,8,11,0.080896,7962624,98.4304
"NVIDIA A100-SXM4-40GB",108,256,432,110592,5,64,9,64,8,12,0.08192,7962624,97.2
"NVIDIA A100-SXM4-40GB",108,256,432,110592,5,64,9,64,8,13,0.08192,7962624,97.2
"NVIDIA A100-SXM4-40GB",108,256,432,110592,5,64,9,64,8,14,0.083968,7962624,94.8293
"NVIDIA A100-SXM4-40GB",108,256,432,110592,5,64,9,64,8,15,0.082944,7962624,96
"NVIDIA A100-SXM4-40GB",108,256,432,110592,5,64,9,64,8,16,0.08192,7962624,97.2
"NVIDIA A100-SXM4-40GB",108,256,432,110592,5,64,9,64,8,17,0.082944,7962624,96
"NVIDIA A100-SXM4-40GB",108,256,432,110592,5,64,9,64,8,18,0.08192,7962624,97.2
"NVIDIA A100-SXM4-40GB",108,256,432,110592,5,64,9,64,8,19,0.08192,7962624,97.2
"NVIDIA A100-SXM4-40GB",108,256,432,110592,5,64,9,128,16,0,0.082944,7962624,96
"NVIDIA A100-SXM4-40GB",108,256,432,110592,5,64,9,128,16,1,0.082944,7962624,96
"NVIDIA A100-SXM4-40GB",108,256,432,110592,5,64,9,128,16,2,0.082944,7962624,96
"NVIDIA A100-SXM4-40GB",108,256,432,110592,5,64,9,128,16,3,0.082944,7962624,96
"NVIDIA A100-SXM4-40GB",108,256,432,110592,5,64,9,128,16,4,0.082944,7962624,96
"NVIDIA A100-SXM4-40GB",108,256,432,110592,5,64,9,128,16,5,0.084992,7962624,93.6867
"NVIDIA A100-SXM4-40GB",108,256,432,110592,5,64,9,128,16,6,0.08192,7962624,97.2
"NVIDIA A100-SXM4-40GB",108,256,432,110592,5,64,9,128,16,7,0.082944,7962624,96
"NVIDIA A100-SXM4-40GB",108,256,432,110592,5,64,9,128,16,8,0.082944,7962624,96
"NVIDIA A100-SXM4-40GB",108,256,432,110592,5,64,9,128,16,9,0.083968,7962624,94.8293
"NVIDIA A100-SXM4-40GB",108,256,432,110592,5,64,9,128,16,10,0.083968,7962624,94.8293
"NVIDIA A100-SXM4-40GB",108,256,432,110592,5,64,9,128,16,11,0.082944,7962624,96
"NVIDIA A100-SXM4-40GB",108,256,432,110592,5,64,9,128,16,12,0.082944,7962624,96
"NVIDIA A100-SXM4-40GB",108,256,432,110592,5,64,9,128,16,13,0.084992,7962624,93.6867
"NVIDIA A100-SXM4-40GB",108,256,432,110592,5,64,9,128,16,14,0.082944,7962624,96
"NVIDIA A100-SXM4-40GB",108,256,432,110592,5,64,9,128,16,15,0.082944,7962624,96
"NVIDIA A100-SXM4-40GB",108,256,432,110592,5,64,9,128,16,16,0.08192,7962624,97.2
"NVIDIA A100-SXM4-40GB",108,256,432,110592,5,64,9,128,16,17,0.082944,7962624,96
"NVIDIA A100-SXM4-40GB",108,256,432,110592,5,64,9,128,16,18,0.082944,7962624,96
"NVIDIA A100-SXM4-40GB",108,256,432,110592,5,64,9,128,16,19,0.08192,7962624,97.2
"NVIDIA A100-SXM4-40GB",108,256,432,110592,5,64,9,256,32,0,0.08704,7962624,91.4824
"NVIDIA A100-SXM4-40GB",108,256,432,110592,5,64,9,256,32,1,0.086016,7962624,92.5714
"NVIDIA A100-SXM4-40GB",108,256,432,110592,5,64,9,256,32,2,0.08704,7962624,91.4824
"NVIDIA A100-SXM4-40GB",108,256,432,110592,5,64,9,256,32,3,0.083968,7962624,94.8293
"NVIDIA A100-SXM4-40GB",108,256,432,110592,5,64,9,256,32,4,0.086016,7962624,92.5714
"NVIDIA A100-SXM4-40GB",108,256,432,110592,5,64,9,256,32,5,0.086016,7962624,92.5714
"NVIDIA A100-SXM4-40GB",108,256,432,110592,5,64,9,256,32,6,0.083968,7962624,94.8293
"NVIDIA A100-SXM4-40GB",108,256,432,110592,5,64,9,256,32,7,0.08704,7962624,91.4824
"NVIDIA A100-SXM4-40GB",108,256,432,110592,5,64,9,256,32,8,0.086016,7962624,92.5714
"NVIDIA A100-SXM4-40GB",108,256,432,110592,5,64,9,256,32,9,0.084992,7962624,93.6867
"NVIDIA A100-SXM4-40GB",108,256,432,110592,5,64,9,256,32,10,0.084992,7962624,93.6867
"NVIDIA A100-SXM4-40GB",108,256,432,110592,5,64,9,256,32,11,0.084992,7962624,93.6867
"NVIDIA A100-SXM4-40GB",108,256,432,110592,5,64,9,256,32,12,0.08704,7962624,91.4824
"NVIDIA A100-SXM4-40GB",108,256,432,110592,5,64,9,256,32,13,0.084992,7962624,93.6867
"NVIDIA A100-SXM4-40GB",108,256,432,110592,5,64,9,256,32,14,0.086016,7962624,92.5714
"NVIDIA A100-SXM4-40GB",108,256,432,110592,5,64,9,256,32,15,0.084992,7962624,93.6867
"NVIDIA A100-SXM4-40GB",108,256,432,110592,5,64,9,256,32,16,0.086016,7962624,92.5714
"NVIDIA A100-SXM4-40GB",108,256,432,110592,5,64,9,256,32,17,0.086016,7962624,92.5714
"NVIDIA A100-SXM4-40GB",108,256,432,110592,5,64,9,256,32,18,0.084992,7962624,93.6867
"NVIDIA A100-SXM4-40GB",108,256,432,110592,5,64,9,256,32,19,0.084992,7962624,93.6867
"NVIDIA A100-SXM4-40GB",108,256,432,110592,5,64,9,512,64,0,0.08704,7962624,91.4824
"NVIDIA A100-SXM4-40GB",108,256,432,110592,5,64,9,512,64,1,0.086016,7962624,92.5714
"NVIDIA A100-SXM4-40GB",108,256,432,110592,5,64,9,512,64,2,0.086016,7962624,92.5714
"NVIDIA A100-SXM4-40GB",108,256,432,110592,5,64,9,512,64,3,0.08704,7962624,91.4824
"NVIDIA A100-SXM4-40GB",108,256,432,110592,5,64,9,512,64,4,0.08704,7962624,91.4824
"NVIDIA A100-SXM4-40GB",108,256,432,110592,5,64,9,512,64,5,0.08704,7962624,91.4824
"NVIDIA A100-SXM4-40GB",108,256,432,110592,5,64,9,512,64,6,0.08704,7962624,91.4824
"NVIDIA A100-SXM4-40GB",108,256,432,110592,5,64,9,512,64,7,0.088064,7962624,90.4186
"NVIDIA A100-SXM4-40GB",108,256,432,110592,5,64,9,512,64,8,0.08704,7962624,91.4824
"NVIDIA A100-SXM4-40GB",108,256,432,110592,5,64,9,512,64,9,0.086016,7962624,92.5714
"NVIDIA A100-SXM4-40GB",108,256,432,110592,5,64,9,512,64,10,0.086016,7962624,92.5714
"NVIDIA A100-SXM4-40GB",108,256,432,110592,5,64,9,512,64,11,0.088064,7962624,90.4186
"NVIDIA A100-SXM4-40GB",108,256,432,110592,5,64,9,512,64,12,0.08704,7962624,91.4824
"NVIDIA A100-SXM4-40GB",108,256,432,110592,5,64,9,512,64,13,0.086016,7962624,92.5714
"NVIDIA A100-SXM4-40GB",108,256,432,110592,5,64,9,512,64,14,0.088064,7962624,90.4186
"NVIDIA A100-SXM4-40GB",108,256,432,110592,5,64,9,512,64,15,0.08704,7962624,91.4824
"NVIDIA A100-SXM4-40GB",108,256,432,110592,5,64,9,512,64,16,0.088064,7962624,90.4186
"NVIDIA A100-SXM4-40GB",108,256,432,110592,5,64,9,512,64,17,0.088064,7962624,90.4186
"NVIDIA A100-SXM4-40GB",108,256,432,110592,5,64,9,512,64,18,0.08704,7962624,91.4824
"NVIDIA A100-SXM4-40GB",108,256,432,110592,5,64,9,512,64,19,0.088064,7962624,90.4186
"NVIDIA A100-SXM4-40GB",108,256,432,110592,5,64,9,1024,128,0,0.114688,7962624,69.4286
"NVIDIA A100-SXM4-40GB",108,256,432,110592,5,64,9,1024,128,1,0.113664,7962624,70.0541
"NVIDIA A100-SXM4-40GB",108,256,432,110592,5,64,9,1024,128,2,0.113664,7962624,70.0541
"NVIDIA A100-SXM4-40GB",108,256,432,110592,5,64,9,1024,128,3,0.114688,7962624,69.4286
"NVIDIA A100-SXM4-40GB",108,256,432,110592,5,64,9,1024,128,4,0.113664,7962624,70.0541
"NVIDIA A100-SXM4-40GB",108,256,432,110592,5,64,9,1024,128,5,0.114688,7962624,69.4286
"NVIDIA A100-SXM4-40GB",108,256,432,110592,5,64,9,1024,128,6,0.115712,7962624,68.8142
"NVIDIA A100-SXM4-40GB",108,256,432,110592,5,64,9,1024,128,7,0.114688,7962624,69.4286
"NVIDIA A100-SXM4-40GB",108,256,432,110592,5,64,9,1024,128,8,0.114688,7962624,69.4286
"NVIDIA A100-SXM4-40GB",108,256,432,110592,5,64,9,1024,128,9,0.113664,7962624,70.0541
"NVIDIA A100-SXM4-40GB",108,256,432,110592,5,64,9,1024,128,10,0.113664,7962624,70.0541
"NVIDIA A100-SXM4-40GB",108,256,432,110592,5,64,9,1024,128,11,0.113664,7962624,70.0541
"NVIDIA A100-SXM4-40GB",108,256,432,110592,5,64,9,1024,128,12,0.11264,7962624,70.6909
"NVIDIA A100-SXM4-40GB",108,256,432,110592,5,64,9,1024,128,13,0.113664,7962624,70.0541
"NVIDIA A100-SXM4-40GB",108,256,432,110592,5,64,9,1024,128,14,0.116736,7962624,68.2105
"NVIDIA A100-SXM4-40GB",108,256,432,110592,5,64,9,1024,128,15,0.114688,7962624,69.4286
"NVIDIA A100-SXM4-40GB",108,256,432,110592,5,64,9,1024,128,16,0.11264,7962624,70.6909
"NVIDIA A100-SXM4-40GB",108,256,432,110592,5,64,9,1024,128,17,0.113664,7962624,70.0541
"NVIDIA A100-SXM4-40GB",108,256,432,110592,5,64,9,1024,128,18,0.115712,7962624,68.8142
"NVIDIA A100-SXM4-40GB",108,256,432,110592,5,64,9,1024,128,19,0.113664,7962624,70.0541
"NVIDIA A100-SXM4-40GB",108,256,432,110592,5,64,9,2048,256,0,0.116736,7962624,68.2105
"NVIDIA A100-SXM4-40GB",108,256,432,110592,5,64,9,2048,256,1,0.118784,7962624,67.0345
"NVIDIA A100-SXM4-40GB",108,256,432,110592,5,64,9,2048,256,2,0.11776,7962624,67.6174
"NVIDIA A100-SXM4-40GB",108,256,432,110592,5,64,9,2048,256,3,0.11776,7962624,67.6174
"NVIDIA A100-SXM4-40GB",108,256,432,110592,5,64,9,2048,256,4,0.11776,7962624,67.6174
"NVIDIA A100-SXM4-40GB",108,256,432,110592,5,64,9,2048,256,5,0.118784,7962624,67.0345
"NVIDIA A100-SXM4-40GB",108,256,432,110592,5,64,9,2048,256,6,0.118784,7962624,67.0345
"NVIDIA A100-SXM4-40GB",108,256,432,110592,5,64,9,2048,256,7,0.119808,7962624,66.4615
"NVIDIA A100-SXM4-40GB",108,256,432,110592,5,64,9,2048,256,8,0.116736,7962624,68.2105
"NVIDIA A100-SXM4-40GB",108,256,432,110592,5,64,9,2048,256,9,0.118784,7962624,67.0345
"NVIDIA A100-SXM4-40GB",108,256,432,110592,5,64,9,2048,256,10,0.116736,7962624,68.2105
"NVIDIA A100-SXM4-40GB",108,256,432,110592,5,64,9,2048,256,11,0.118784,7962624,67.0345
"NVIDIA A100-SXM4-40GB",108,256,432,110592,5,64,9,2048,256,12,0.11776,7962624,67.6174
"NVIDIA A100-SXM4-40GB",108,256,432,110592,5,64,9,2048,256,13,0.118784,7962624,67.0345
"NVIDIA A100-SXM4-40GB",108,256,432,110592,5,64,9,2048,256,14,0.11776,7962624,67.6174
"NVIDIA A100-SXM4-40GB",108,256,432,110592,5,64,9,2048,256,15,0.11776,7962624,67.6174
"NVIDIA A100-SXM4-40GB",108,256,432,110592,5,64,9,2048,256,16,0.116736,7962624,68.2105
"NVIDIA A100-SXM4-40GB",108,256,432,110592,5,64,9,2048,256,17,0.118784,7962624,67.0345
"NVIDIA A100-SXM4-40GB",108,256,432,110592,5,64,9,2048,256,18,0.11776,7962624,67.6174
"NVIDIA A100-SXM4-40GB",108,256,432,110592,5,64,9,2048,256,19,0.118784,7962624,67.0345
"NVIDIA A100-SXM4-40GB",108,256,432,110592,5,64,9,4096,512,0,0.120832,7962624,65.8983
"NVIDIA A100-SXM4-40GB",108,256,432,110592,5,64,9,4096,512,1,0.119808,7962624,66.4615
"NVIDIA A100-SXM4-40GB",108,256,432,110592,5,64,9,4096,512,2,0.120832,7962624,65.8983
"NVIDIA A100-SXM4-40GB",108,256,432,110592,5,64,9,4096,512,3,0.120832,7962624,65.8983
"NVIDIA A100-SXM4-40GB",108,256,432,110592,5,64,9,4096,512,4,0.120832,7962624,65.8983
"NVIDIA A100-SXM4-40GB",108,256,432,110592,5,64,9,4096,512,5,0.119808,7962624,66.4615
"NVIDIA A100-SXM4-40GB",108,256,432,110592,5,64,9,4096,512,6,0.119808,7962624,66.4615
"NVIDIA A100-SXM4-40GB",108,256,432,110592,5,64,9,4096,512,7,0.119808,7962624,66.4615
"NVIDIA A100-SXM4-40GB",108,256,432,110592,5,64,9,4096,512,8,0.121856,7962624,65.3445
"NVIDIA A100-SXM4-40GB",108,256,432,110592,5,64,9,4096,512,9,0.120832,7962624,65.8983
"NVIDIA A100-SXM4-40GB",108,256,432,110592,5,64,9,4096,512,10,0.120832,7962624,65.8983
"NVIDIA A100-SXM4-40GB",108,256,432,110592,5,64,9,4096,512,11,0.120832,7962624,65.8983
"NVIDIA A100-SXM4-40GB",108,256,432,110592,5,64,9,4096,512,12,0.121856,7962624,65.3445
"NVIDIA A100-SXM4-40GB",108,256,432,110592,5,64,9,4096,512,13,0.119808,7962624,66.4615
"NVIDIA A100-SXM4-40GB",108,256,432,110592,5,64,9,4096,512,14,0.120832,7962624,65.8983
"NVIDIA A100-SXM4-40GB",108,256,432,110592,5,64,9,4096,512,15,0.119808,7962624,66.4615
"NVIDIA A100-SXM4-40GB",108,256,432,110592,5,64,9,4096,512,16,0.119808,7962624,66.4615
"NVIDIA A100-SXM4-40GB",108,256,432,110592,5,64,9,4096,512,17,0.120832,7962624,65.8983
"NVIDIA A100-SXM4-40GB",108,256,432,110592,5,64,9,4096,512,18,0.118784,7962624,67.0345
"NVIDIA A100-SXM4-40GB",108,256,432,110592,5,64,9,4096,512,19,0.119808,7962624,66.4615
"NVIDIA A100-SXM4-40GB",108,256,432,110592,5,64,9,8192,1024,0,0.118784,7962624,67.0345
"NVIDIA A100-SXM4-40GB",108,256,432,110592,5,64,9,8192,1024,1,0.11776,7962624,67.6174
"NVIDIA A100-SXM4-40GB",108,256,432,110592,5,64,9,8192,1024,2,0.118784,7962624,67.0345
"NVIDIA A100-SXM4-40GB",108,256,432,110592,5,64,9,8192,1024,3,0.118784,7962624,67.0345
"NVIDIA A100-SXM4-40GB",108,256,432,110592,5,64,9,8192,1024,4,0.11776,7962624,67.6174
"NVIDIA A100-SXM4-40GB",108,256,432,110592,5,64,9,8192,1024,5,0.118784,7962624,67.0345
"NVIDIA A100-SXM4-40GB",108,256,432,110592,5,64,9,8192,1024,6,0.11776,7962624,67.6174
"NVIDIA A100-SXM4-40GB",108,256,432,110592,5,64,9,8192,1024,7,0.119808,7962624,66.4615
"NVIDIA A100-SXM4-40GB",108,256,432,110592,5,64,9,8192,1024,8,0.119808,7962624,66.4615
"NVIDIA A100-SXM4-40GB",108,256,432,110592,5,64,9,8192,1024,9,0.118784,7962624,67.0345
"NVIDIA A100-SXM4-40GB",108,256,432,110592,5,64,9,8192,1024,10,0.11776,7962624,67.6174
"NVIDIA A100-SXM4-40GB",108,256,432,110592,5,64,9,8192,1024,11,0.119808,7962624,66.4615
"NVIDIA A100-SXM4-40GB",108,256,432,110592,5,64,9,8192,1024,12,0.118784,7962624,67.0345
"NVIDIA A100-SXM4-40GB",108,256,432,110592,5,64,9,8192,1024,13,0.116736,7962624,68.2105
"NVIDIA A100-SXM4-40GB",108,256,432,110592,5,64,9,8192,1024,14,0.118784,7962624,67.0345
"NVIDIA A100-SXM4-40GB",108,256,432,110592,5,64,9,8192,1024,15,0.119808,7962624,66.4615
"NVIDIA A100-SXM4-40GB",108,256,432,110592,5,64,9,8192,1024,16,0.11776,7962624,67.6174
"NVIDIA A100-SXM4-40GB",108,256,432,110592,5,64,9,8192,1024,17,0.11776,7962624,67.6174
"NVIDIA A100-SXM4-40GB",108,256,432,110592,5,64,9,8192,1024,18,0.120832,7962624,65.8983
"NVIDIA A100-SXM4-40GB",108,256,432,110592,5,64,9,8192,1024,19,0.118784,7962624,67.0345
